Region,Individual,July 2016,August 2016,September 2016,October 2016,November 2016,December 2016,January 2017,February 2017,March 2017,April 2017,May 2017,June 2017,July 2017,August 2017,September 2017,October 2017,November 2017,December 2017,January 2018,February 2018,March 2018,April 2018,May 2018,June 2018,July 2018,August 2018,September 2018,October 2018,November 2018,December 2018,January 2019,February 2019,March 2019,April 2019,May 2019,June 2019,July 2019,August 2019,September 2019,October 2019,November 2019,December 2019,January 2020,February 2020,March 2020,April 2020,May 2020,June 2020,July 2020,August 2020,September 2020
Western Sydney,Adult,"8,575,135","9,484,134","8,956,112","8,778,524","9,221,978","8,036,202","7,774,754","8,446,672","9,994,667","8,111,738","10,184,630","9,333,731","9,247,078","9,969,136","9,473,985","9,648,065","8,131,940",,,,,,,,,,,,,,,,,,,,,,,,,,,,,,,,,,
Western Sydney,Child/Youth,"432,083","370,300","425,154","438,430","404,288","505,401","552,039","394,228","426,221","506,330","377,342","421,819","543,192","385,194","478,539","454,655","347,198",,,,,,,,,,,,,,,,,,,,,,,,,,,,,,,,,,
Western Sydney,Concession,"790,206","1,081,373","855,554","839,434","677,907","524,749","488,489","607,040","1,187,470","824,351","1,110,089","775,525","679,908","1,147,815","894,566","908,252","607,709",,,,,,,,,,,,,,,,,,,,,,,,,,,,,,,,,,
Western Sydney,Day Pass Child/Youth w/o SAF,,,,,,,,,,,,,,3,14,5,,,,,,,,,,,,,,,,,,,,,,,,,,,,,,,,,,,
Western Sydney,Day Pass without SAF,,,,,,,,,,,,,,9,78,26,,,,,,,,,,,,,,,,,,,,,,,,,,,,,,,,,,,
Western Sydney,Employee,"101,255","118,953","116,703","110,616","121,988","107,270","97,568","110,490","128,093","97,808","127,495","118,098","109,516","119,095","107,264","106,065","91,293",,,,,,,,,,,,,,,,,,,,,,,,,,,,,,,,,,
Western Sydney,Free Travel,"9,429","11,477","11,259","11,744","12,608","10,920","9,976","11,494","13,291","11,147","13,745","12,203","12,363","13,432","11,721","11,424","9,911",,,,,,,,,,,,,,,,,,,,,,,,,,,,,,,,,,
Western Sydney,School Student,"217,702","502,695","375,289","338,381","456,338","174,567","30,356","464,128","555,627","191,132","572,689","467,968","249,878","548,932","370,025","369,623","393,223",,,,,,,,,,,,,,,,,,,,,,,,,,,,,,,,,,
Western Sydney,Senior/Pensioner,"880,165","986,891","958,036","971,764","1,002,122","923,518","852,475","892,348","1,021,345","885,705","1,030,781","969,060","963,069","997,504","962,646","975,085","832,315",,,,,,,,,,,,,,,,,,,,,,,,,,,,,,,,,,
North Western Sydney,Sgl Trip Rail Adult,"20,587","79,617","80,999","80,716","82,110","94,943","76,493","72,444","82,624","76,315","76,555","76,471","85,059","84,262","84,439","86,835","74,147",,,,,,,,,,,,,,,,,,,,,,,,,,,,,,,,,,
North Western Sydney,Sgl Trip Rail Child/Youth,"7,516","19,407","23,395","22,204","18,246","29,155","28,172","15,911","19,197","26,095","18,311","21,146","30,435","21,061","25,091","23,503","16,603",,,,,,,,,,,,,,,,,,,,,,,,,,,,,,,,,,
South Western Sydney,Adult,"5,266,404","5,568,667","5,382,635","5,328,090","5,519,508","5,124,055","4,988,179","5,164,752","5,888,618","5,142,431","6,145,569","5,775,957","5,772,717","6,154,100","5,843,799","6,060,992","5,176,662",,,,,,,,,,,,,,,,,,,,,,,,,,,,,,,,,,
South Western Sydney,Child/Youth,"237,705","202,533","228,278","235,099","209,515","286,848","327,064","198,930","212,256","280,438","202,197","242,473","310,963","217,247","258,656","248,187","196,351",,,,,,,,,,,,,,,,,,,,,,,,,,,,,,,,,,
South Western Sydney,Concession,"527,290","624,672","506,205","486,778","402,211","326,413","308,993","369,619","658,641","494,004","640,479","473,617","423,577","677,580","533,649","530,333","373,709",,,,,,,,,,,,,,,,,,,,,,,,,,,,,,,,,,
South Western Sydney,Day Pass Child/Youth w/o SAF,,,,,,,,,,,,,,3,5,,,,,,,,,,,,,,,,,,,,,,,,,,,,,,,,,,,,
South Western Sydney,Day Pass without SAF,,,,,,,,,,,,,,5,28,13,,,,,,,,,,,,,,,,,,,,,,,,,,,,,,,,,,,
South Western Sydney,Employee,"63,235","71,633","71,296","69,185","75,731","68,435","62,458","68,436","78,772","62,556","79,565","75,076","74,716","81,286","72,377","73,184","62,645",,,,,,,,,,,,,,,,,,,,,,,,,,,,,,,,,,
South Western Sydney,Free Travel,"5,175","6,570","6,399","6,483","7,085","6,388","6,036","6,569","7,439","6,596","7,557","6,882","7,182","7,637","6,523","7,055","6,182",,,,,,,,,,,,,,,,,,,,,,,,,,,,,,,,,,
South Western Sydney,School Student,"83,558","196,783","144,178","133,585","177,666","72,619","11,476","180,228","221,747","77,961","228,954","195,285","103,110","230,911","153,025","158,118","165,753",,,,,,,,,,,,,,,,,,,,,,,,,,,,,,,,,,
South Western Sydney,Senior/Pensioner,"544,665","598,300","592,001","610,371","617,855","590,856","559,418","550,473","615,383","571,992","643,324","617,657","609,771","621,555","603,783","620,159","537,582",,,,,,,,,,,,,,,,,,,,,,,,,,,,,,,,,,
South Western Sydney,Sgl Trip Rail Adult,"35,335","135,457","142,834","145,110","146,941","160,986","134,011","136,952","147,222","138,111","140,308","138,458","158,568","158,954","158,600","170,215","150,045",,,,,,,,,,,,,,,,,,,,,,,,,,,,,,,,,,
South Western Sydney,Sgl Trip Rail Child/Youth,"5,815","16,203","19,167","17,857","14,246","25,398","26,144","13,796","15,071","22,451","14,618","19,344","30,569","20,893","23,092","22,574","16,116",,,,,,,,,,,,,,,,,,,,,,,,,,,,,,,,,,
Western Sydney,Adult,"1,615,473","1,767,064","1,689,548","1,691,384","1,747,282","1,588,061","1,529,871","1,557,785","1,858,232","1,617,781","1,926,075","1,790,468","1,595,259","1,771,896","1,680,504","1,758,462","1,819,687","1,665,264","1,620,196","1,596,492","1,891,061","1,837,444","2,046,455","1,869,787","1,908,824","1,965,061","1,896,056","1,985,959","1,898,095","1,871,057","1,729,333","1,756,545","2,022,964","1,886,398","2,107,379","1,801,128","1,768,502","1,690,069","1,671,643","1,875,578","1,729,551","1,517,584","1,497,515","1,471,542","1,119,657","411,559","520,450","768,758","835,690","743,384","784,231"
Western Sydney,Child/Youth,"83,619","76,553","86,852","91,282","81,801","103,801","112,245","75,895","85,381","105,937","77,414","86,600","98,067","77,292","91,289","91,144","84,767","108,790","112,479","76,953","90,388","110,789","78,768","88,031","112,238","79,152","84,521","97,130","77,261","112,234","112,732","80,983","89,800","107,222","78,058","87,510","99,658","70,964","73,410","101,014","77,779","93,555","99,423","68,349","40,597","7,004","17,819","36,947","53,173","33,537","40,582"
Western Sydney,Concession,"174,271","215,917","174,931","168,905","139,608","111,584","104,421","121,362","223,871","169,963","218,231","160,304","128,362","210,562","167,685","168,488","143,320","113,343","104,324","120,029","217,228","190,414","227,385","161,606","149,095","223,549","181,051","176,741","137,548","117,632","104,995","136,224","223,086","189,193","196,686","153,395","142,319","172,549","152,453","175,235","143,232","107,187","98,280","129,335","119,431","15,815","25,897","51,223","62,801","63,512","71,255"
Western Sydney,CTP,,,,,,,,,,,,,,,,,,,,,,,,,,,,,"2,007","32,110","40,668","43,070","52,837","53,321","65,589","62,435","58,279","68,330","91,182","175,282","202,830","199,853","232,816","250,115","187,899","58,552","88,320","154,086","177,232","164,517","184,526"
Western Sydney,Day Pass Child/Youth w/o SAF,,,,,,,,,,,,,,2,,,,,,,,,,,,,,3,,,1,,7,4,4,1,6,3,15,30,31,,,,1,,,,1,,
Western Sydney,Day Pass without SAF,,,,,,,,,,,,,,1,6,2,,,,,,2,5,2,4,7,3,14,20,12,10,9,19,21,27,23,8,28,20,42,42,13,17,39,26,14,5,16,16,24,14
Western Sydney,Employee,"13,196","15,391","15,547","15,093","16,371","15,432","13,597","14,636","17,174","14,479","18,095","16,640","13,287","14,633","13,182","12,828","14,566","13,881","13,375","13,277","15,792","15,035","17,500","15,641","15,059","15,701","15,037","16,839","16,265","17,118","14,987","16,078","19,297","17,554","21,654","17,837","17,013","15,991","16,403","18,802","17,792","16,324","15,967","16,100","14,335","9,302","9,613","12,288","12,836","11,767","12,476"
Western Sydney,Free Travel,"1,087","1,328","1,338","1,361","1,545","1,396","1,221","1,360","1,448","1,462","1,659","1,486","1,322","1,509","1,287","1,240","1,341","1,412","1,154","1,359","1,616","1,581","1,766","1,588","1,683","1,729","1,613","1,906","1,961","2,044","1,668","1,723","1,948","1,812","2,387","1,881","1,803","1,643","1,692","1,979","1,795","1,628","1,415","1,466","1,087",356,527,887,948,783,825
Western Sydney,School Student,"28,934","68,907","50,754","46,327","62,104","26,485","3,824","60,165","74,103","26,290","80,116","68,979","32,763","75,703","50,496","48,713","64,464","25,230","4,469","62,131","69,260","31,158","81,818","68,935","37,476","79,653","70,791","43,697","72,352","37,249","4,760","70,752","81,023","43,589","96,586","69,863","40,047","73,533","67,273","50,398","73,483","37,711","7,222","70,329","52,495",723,"22,469","60,685","33,011","55,747","52,311"
Western Sydney,Senior/Pensioner,"227,938","255,536","251,984","259,218","262,304","247,124","235,756","228,102","262,193","240,326","269,383","252,763","228,782","242,881","235,344","240,935","249,416","240,528","227,495","218,228","255,607","248,290","269,395","244,763","257,691","258,190","255,322","263,738","254,792","268,816","239,250","248,638","278,297","267,761","281,715","249,218","244,720","234,848","235,031","283,464","264,217","253,958","244,946","227,233","170,736","77,424","101,267","154,230","157,727","141,171","158,605"
Western Sydney,Sgl Trip Rail Adult,"4,303","14,894","15,599","15,796","15,247","19,491","16,062","14,125","15,557","15,432","14,156","15,053","13,451","13,744","13,804","14,519","16,384","21,824","18,293","16,216","19,787","17,748","17,096","17,760","14,770","15,391","15,096","16,291","15,866","20,493","14,541","12,612","14,666","14,164","13,637","12,328","9,445","8,724","8,343","9,856","9,013","10,065","8,952","7,304","4,448","1,061","1,595","2,736","2,811","2,016","2,466"
Western Sydney,Sgl Trip Rail Child/Youth,"1,630","3,929","4,930","4,582","3,591","5,661","5,580","3,184","3,783","5,068","3,630","4,346","5,089","3,909","4,414","4,166","3,848","6,420","6,203","3,570","4,395","5,579","4,094","5,104","5,480","3,966","3,795","4,468","3,343","5,901","5,039","3,040","3,720","5,151","3,477","4,373","4,267","2,795","2,668","3,633","2,690","4,188","4,538","2,400","1,621",544,"1,001","1,594","2,172","1,346","1,766"
South East Sydney,Adult,"3,970,697","4,389,115","4,212,808","4,042,741","4,461,496","4,147,929","3,863,971","4,090,553","4,763,437","3,960,382","4,674,114","4,271,946","4,305,581","4,629,174","4,412,414","4,599,565","4,687,949","4,277,144","4,174,954","4,352,183","4,639,415","4,334,778","4,943,506","4,422,907","4,592,540","4,853,759","4,420,673","4,809,361","4,936,009","4,108,485","4,274,023","4,410,384","4,703,507","4,153,949","4,896,361","4,219,721","4,531,917","4,501,854","4,371,948","4,363,362","4,299,504","3,673,566","3,621,442","3,620,407","2,634,216","825,095","1,196,383","1,548,468","1,811,153","1,627,022","1,731,752"
South East Sydney,Child/Youth,"175,608","155,625","179,420","174,816","170,691","238,791","239,712","157,792","167,964","206,283","145,946","158,885","220,360","157,585","198,079","187,015","157,387","241,888","255,286","169,622","164,999","214,711","148,274","159,993","225,519","154,868","160,156","201,703","170,358","211,803","261,385","166,644","163,205","196,172","152,396","153,592","212,495","147,224","154,994","201,739","163,673","206,394","246,406","148,099","86,029","14,108","38,105","63,674","115,795","63,495","86,737"
South East Sydney,Concession,"292,557","343,152","284,622","266,306","244,085","211,227","184,810","216,161","369,528","278,639","348,834","260,856","237,799","378,385","302,606","301,410","255,725","214,617","193,250","228,485","348,865","291,531","349,041","258,573","242,357","355,392","284,382","287,661","248,001","191,743","190,863","237,772","346,346","283,403","336,433","245,304","243,621","311,289","279,530","280,004","248,573","190,117","175,370","223,074","193,597","27,136","51,269","84,489","115,286","114,788","128,163"
South East Sydney,CTP,,,,,,,,,,,,,,,,,,,,,,,,,,,,,"5,736","81,424","121,725","136,517","153,631","144,954","183,545","178,988","184,540","224,795","283,777","512,397","662,188","664,312","768,801","826,923","596,378","157,178","285,051","428,762","534,928","480,483","555,341"
South East Sydney,Day Pass Child/Youth w/o SAF,,,,,,,,,,,,,,1,1,,,,,,,,,,,,,,,,,6,9,3,6,1,,5,3,29,18,5,13,10,22,,,4,12,3,10
South East Sydney,Day Pass without SAF,,,,,,,,,,,,,,3,9,12,,,,,3,9,25,32,26,49,28,32,72,37,65,54,48,65,77,54,94,77,106,110,156,128,179,154,116,23,48,64,56,21,41
South East Sydney,Employee,"42,820","49,142","49,010","47,159","52,140","48,858","43,330","46,874","53,985","43,683","53,829","49,268","49,124","51,665","46,851","47,509","49,219","44,061","41,188","44,172","47,796","45,825","53,347","47,601","49,548","51,343","47,472","52,703","55,176","46,505","47,516","51,297","55,439","50,146","61,594","53,011","57,553","57,107","55,223","58,122","58,043","50,985","49,852","50,885","45,021","26,429","32,514","35,352","37,983","35,467","37,632"
South East Sydney,Free Travel,"4,739","6,446","6,427","6,084","6,650","5,877","5,248","5,895","6,779","5,561","6,716","6,321","6,235","6,929","5,711","5,893","6,310","5,565","5,181","5,556","5,929","5,942","6,725","5,799","6,594","6,859","6,273","7,375","7,662","5,915","6,155","6,692","7,128","6,269","7,419","6,790","7,560","7,606","7,119","7,884","7,489","6,547","6,425","7,049","5,126","1,637","2,359","3,463","3,817","3,538","4,084"
South East Sydney,School Student,"72,369","171,232","124,366","115,269","152,614","62,428","10,495","155,265","182,612","63,008","185,315","152,021","79,706","176,439","117,224","115,381","146,245","55,404","12,237","153,184","161,879","67,841","186,156","154,573","77,247","179,613","155,625","99,384","168,429","74,772","13,622","176,732","190,185","97,885","217,088","164,403","95,632","190,751","171,179","115,340","171,494","83,725","21,138","177,074","127,344","1,266","50,432","134,814","75,109","129,841","125,747"
South East Sydney,Senior/Pensioner,"425,179","478,079","470,868","464,795","508,918","485,480","426,432","445,371","506,606","449,173","505,792","468,581","471,775","498,905","475,199","491,792","502,185","485,194","447,643","468,853","486,162","466,364","520,894","467,958","486,953","506,312","468,524","505,534","523,421","468,813","458,011","483,951","499,687","462,082","536,575","465,474","492,968","495,229","486,321","521,111","530,295","478,612","453,074","446,278","310,081","106,758","170,076","233,706","261,234","232,978","265,018"
South East Sydney,Sgl Trip Rail Adult,"9,115","38,489","40,215","39,610","44,367","51,040","42,179","38,877","44,281","38,670","35,669","36,823","40,092","43,164","41,994","46,665","47,497","54,181","45,404","43,880","45,737","40,394","41,472","40,228","37,817","38,567","36,260","41,880","43,350","38,917","34,427","29,590","33,018","27,548","32,111","26,832","25,768","25,404","23,467","23,537","24,060","25,712","23,502","20,377","12,683","2,338","4,015","6,144","6,998","4,857","5,844"
South East Sydney,Sgl Trip Rail Child/Youth,"2,525","7,702","10,108","9,427","9,007","14,520","13,180","7,605","9,184","12,213","8,361","9,309","13,343","10,468","12,098","11,450","9,596","15,353","14,325","9,461","10,067","13,179","9,605","10,479","12,817","9,445","9,298","11,290","9,374","11,600","12,410","6,887","7,871","9,743","8,111","8,817","10,247","7,535","7,370","8,551","6,823","10,194","11,282","6,372","4,417","1,584","2,854","3,793","5,634","3,318","4,187"
Western Sydney,Adult,"335,951","372,709","358,049","349,051","362,326","322,395","306,808","333,810","393,522","329,044","401,137","377,855","350,467","417,174","376,426","407,891","413,545","403,279","355,946","407,412","451,455","504,958","480,176","470,595","484,141","520,653","480,011","513,278","475,774","507,801","443,304","424,774","539,652","472,159","517,679","508,702","561,574","524,436","523,202","568,761","566,699","427,633","421,240","413,465","368,869","112,667","155,028","276,962","243,046","207,021","225,703"
Western Sydney,Child/Youth,"13,530","12,060","14,349","15,450","13,615","19,870","21,600","12,905","14,727","19,783","12,476","15,732","19,117","13,157","17,306","17,954","15,538","24,702","22,857","15,150","17,926","26,412","14,284","18,125","23,153","16,205","17,408","20,820","16,114","29,006","26,971","14,641","19,212","23,475","15,253","20,290","25,767","15,836","17,117","25,366","20,067","23,659","24,863","13,846","10,105",689,"3,344","9,756","11,832","6,039","8,448"
Western Sydney,Concession,"43,237","52,604","41,002","39,062","30,756","23,573","21,631","28,428","58,477","41,131","54,344","36,720","31,190","58,907","41,992","45,398","34,800","29,105","23,981","31,409","60,797","61,181","60,352","43,370","39,351","66,978","50,203","51,177","35,882","33,746","27,272","33,942","68,148","54,193","53,896","45,092","47,280","59,298","50,701","57,314","46,893","28,919","26,365","34,067","41,451","3,279","6,532","16,697","16,537","16,308","19,152"
Western Sydney,CTP,,,,,,,,,,,,,,,,,,,,,,,,,,,,,209,"4,862","5,489","5,599","7,325","7,405","10,298","9,717","10,226","13,047","18,882","37,968","47,256","41,983","47,009","49,215","44,779","11,742","20,340","42,845","38,890","34,917","41,778"
Western Sydney,Day Pass Child/Youth w/o SAF,,,,,,,,,,,,,,,,,,,,,,,,,,,,,,,,,,,,,,,,2,2,4,,,1,,,,,,
Western Sydney,Day Pass without SAF,,,,,,,,,,,,,,,,,,,,,,,,,,,,,,,,,,,,,2,,1,,3,,1,,,,,,2,,
Western Sydney,Employee,"2,743","3,250","3,264","2,972","3,369","2,790","2,525","3,060","3,674","2,737","3,521","3,224","2,744","3,537","2,863","3,027","3,199","2,911","2,380","2,944","3,180","3,748","3,560","3,416","3,377","3,381","3,036","3,293","3,224","3,895","2,863","3,051","3,800","3,399","4,403","3,697","4,143","4,143","4,041","4,685","5,076","3,453","3,320","3,621","3,682","2,169","2,503","4,445","3,162","2,755","3,021"
Western Sydney,Free Travel,98,129,132,131,137,108,84,118,140,112,146,119,107,114,93,89,85,80,75,95,107,143,118,107,124,135,92,141,133,196,97,120,139,132,242,134,158,163,162,208,177,121,123,123,94,7,23,83,42,36,38
Western Sydney,School Student,"7,556","17,868","13,163","11,856","15,602","6,410",974,"15,614","19,568","6,739","20,284","17,560","7,908","20,696","12,830","13,824","17,427","7,838","1,159","19,036","20,946","11,035","22,838","20,504","10,990","23,924","20,349","12,855","19,449","12,586","1,414","20,129","25,279","12,892","26,502","23,015","14,343","26,309","24,380","17,571","27,988","11,559","2,479","23,223","20,051",48,"7,727","31,888","12,942","21,252","20,037"
Western Sydney,Senior/Pensioner,"47,463","53,395","52,382","53,139","54,441","51,193","47,426","47,763","54,726","49,655","54,834","52,179","48,575","54,916","50,409","55,307","54,586","54,096","46,803","50,868","55,850","63,756","56,799","56,519","57,335","61,663","58,067","60,862","56,491","69,332","56,101","52,224","65,672","60,043","61,634","62,358","68,598","63,570","65,176","75,960","76,607","62,749","60,302","53,940","47,211","17,820","27,059","52,103","41,965","35,954","40,959"
Western Sydney,Sgl Trip Rail Adult,324,"2,261","2,136","2,151","2,196","2,752","2,169","1,856","2,127","2,019","1,751","1,962","1,982","1,991","2,058","2,238","2,103","2,542","1,653","1,596","1,928","2,060","1,612","1,748","1,325","1,490","1,422","1,557","1,508","2,305","1,342","1,102","1,471","1,352","1,729","1,281","1,200","1,009","1,033","1,183","1,246","1,198","1,000",819,603,109,212,434,341,201,256
Western Sydney,Sgl Trip Rail Child/Youth,84,450,581,522,399,770,719,344,432,601,335,459,710,487,559,572,437,718,528,330,384,705,313,402,443,317,306,337,253,622,417,183,276,461,357,364,432,258,259,377,318,465,480,253,204,66,145,335,285,160,205
North Western Sydney,Adult,"31,864","40,123","35,855","33,920","36,327","30,726","28,169","31,519","39,298","29,914","38,490","35,694","35,593","39,899","36,152","36,359","38,643","31,821","27,240","31,700","36,609","31,084","37,686","33,170","34,899","38,899","36,493","37,446","38,178","30,398","30,095","32,674","39,624","34,503","40,683","35,826","37,837","38,352","36,406","35,945","33,761","28,312","2,261",,,,,,,,
North Western Sydney,Child/Youth,790,"1,602",886,976,800,"1,038","1,043",947,"1,149","1,000",612,914,"1,260","1,311","1,002","1,014",927,"1,315","1,292",941,"1,202","1,177",780,718,"1,139",980,944,"1,149",928,"1,236","1,451",964,"1,113","1,283","1,001","1,131","1,278",964,931,"1,268",831,"1,221",281,,,,,,,,
North Western Sydney,Concession,"2,667","5,146","3,481","3,184","2,210","1,508","1,267","1,895","4,632","2,969","4,216","2,690","2,284","4,878","3,288","3,331","2,449","1,687","1,227","1,879","4,367","3,161","4,068","2,486","2,179","4,291","3,289","3,616","2,537","1,652","1,619","2,254","4,605","3,842","3,540","2,821","2,677","3,732","3,183","3,247","2,390","1,537",111,,,,,,,,
North Western Sydney,CTP,,,,,,,,,,,,,,,,,,,,,,,,,,,,,38,631,805,808,"1,045",829,"1,020","1,100",968,"1,123","1,572","2,629","2,990","2,955",310,,,,,,,,
North Western Sydney,Day Pass Child/Youth w/o SAF,,,,,,,,,,,,,,,,,,,,,,,,,,,,,,,,,,,,,,,,,,1,,,,,,,,,
North Western Sydney,Day Pass without SAF,,,,,,,,,,,,,,,,,,,,,,,,1,,,,,,,1,,3,,1,,3,1,,,,1,,,,,,,,,
North Western Sydney,Employee,175,229,213,244,276,179,210,221,304,224,255,252,189,260,264,324,"1,195","1,186",848,"1,265","1,475","1,202","1,579","1,280","1,258","1,749","1,526","1,670","1,703","1,265","1,296","1,635","1,694","1,343","1,544","1,459","1,704","1,684","1,567","1,713","1,583","1,150",74,,,,,,,,
North Western Sydney,Free Travel,12,12,24,22,20,19,21,28,45,34,34,26,47,31,24,28,31,13,4,18,27,14,12,2,9,19,17,15,20,18,16,16,33,27,34,29,17,19,14,20,17,14,11,,,,,,,,
North Western Sydney,School Student,366,816,557,579,903,371,49,913,"1,144",351,"1,135","1,058",543,"1,226",853,935,"1,270",551,115,"1,159","1,383",517,"1,383","1,150",669,"1,493","1,236",897,"1,443",819,119,"1,551","1,809",940,"2,136","1,878","1,117","2,137","1,840","1,245","1,841","1,011",,,,,,,,,
North Western Sydney,Senior/Pensioner,"3,095","3,729","3,831","3,566","3,758","3,596","2,857","2,958","3,766","3,122","3,270","3,260","3,430","3,366","3,465","3,077","3,660","3,512","2,722","3,483","4,286","3,355","4,019","3,623","3,996","4,401","4,285","3,969","4,437","3,484","3,417","3,572","4,258","3,985","4,527","4,227","4,061","4,088","4,314","4,421","4,160","4,157",604,,,,,,,,
North Western Sydney,Sgl Trip Rail Adult,10,77,63,45,75,55,50,37,106,45,44,49,77,88,55,37,78,90,24,72,92,26,30,61,50,71,98,32,99,63,56,37,67,41,91,61,39,41,23,23,29,35,8,,,,,,,,
North Western Sydney,Sgl Trip Rail Child/Youth,2,4,7,3,3,5,7,3,5,9,4,9,12,9,4,8,5,32,12,8,5,10,6,9,11,14,15,8,18,9,12,5,9,8,16,10,12,2,3,4,1,5,7,,,,,,,,
Western Sydney,Adult,"124,590","124,612","102,987","116,328","104,223","99,922","88,806","104,382","131,435","139,793","137,642","122,355","145,031","104,418","106,662","119,772","124,790","109,677","87,544","98,841","114,620","99,771","117,970","114,049","142,274","135,406","114,671","121,705","123,807","98,591","125,483","117,609","124,265","104,042","116,123","119,946","130,082","120,692","108,395","100,469","105,742","80,962","105,628","78,861","50,536","9,344","11,546","21,971","24,596","21,371","22,343"
Western Sydney,Child/Youth,"7,793","5,922","5,995","6,631","11,449","7,369","6,091","3,762","6,611","15,299","5,618","6,220","11,150","4,517","6,599","5,611","10,590","6,458","5,593","5,304","7,689","6,479","5,075","5,014","9,716","6,536","5,592","6,527","9,517","5,121","7,047","5,516","4,884","8,429","5,063","6,586","7,788","4,928","6,927","4,798","8,010","4,682","6,957","3,778","1,744",58,205,417,928,686,785
Western Sydney,Concession,"9,387","11,671","8,768","9,347","5,890","7,274","4,661","5,629","12,672","11,059","12,533","8,258","9,020","9,464","8,579","9,078","7,946","7,120","4,440","5,453","10,747","7,842","9,409","7,103","8,469","9,766","7,186","7,395","7,050","5,333","6,232","6,519","10,040","7,662","9,166","8,062","6,828","8,631","7,470","6,246","6,871","5,444","4,846","4,675","3,251",138,332,754,"1,252","1,373","1,478"
Western Sydney,CTP,,,,,,,,,,,,,,,,,,,,,,,,,,,,,61,"1,884","3,395","3,556","4,166","3,257","4,183","4,155","4,152","6,096","5,903","9,278","14,120","10,659","17,152","14,158","7,350","1,152","1,675","3,119","4,633","4,250","4,867"
Western Sydney,Day Pass Child/Youth w/o SAF,,,,,,,,,,,,,,,,,,,,,,,,,,,,,,,,,,,,,,,,,,,,1,,,,,,,
Western Sydney,Day Pass without SAF,,,,,,,,,,,,,,,,,,,,,,,2,1,,1,2,,1,,2,1,1,3,1,3,,,,4,1,3,4,3,5,1,1,,3,,1
Western Sydney,Employee,437,570,484,575,431,430,360,469,519,634,493,525,612,426,345,469,423,378,288,380,542,372,414,370,471,453,375,489,441,332,570,493,495,651,622,518,575,828,773,837,822,666,947,731,599,208,192,148,367,298,310
Western Sydney,Free Travel,35,73,49,41,33,43,37,43,32,93,31,43,34,32,18,44,31,49,32,42,96,61,46,39,82,55,52,178,60,37,58,45,48,80,61,42,39,74,55,115,43,18,64,42,12,7,3,1,3,15,8
Western Sydney,School Student,"1,175","2,552","1,768","1,625","2,442",981,134,"2,189","2,918","1,096","3,536","2,795","1,574","2,472","1,733","1,847","2,499",845,115,"1,975","2,351",903,"3,078","2,291","1,527","2,719","2,140","1,440","2,861","1,031",141,"2,615","2,773","1,340","4,061","2,725","1,710","2,573","3,103","1,620","2,693","1,087",198,"2,519","1,331",18,227,676,594,966,818
Western Sydney,Senior/Pensioner,"8,427","8,560","8,645","11,173","8,285","7,777","7,190","8,095","8,798","13,448","7,884","8,676","10,536","6,497","6,759","9,310","8,554","8,272","6,809","7,516","9,642","7,746","7,640","7,746","9,975","9,229","8,248","10,628","9,059","7,661","10,157","8,746","8,748","9,810","8,872","9,202","9,870","11,414","10,107","12,728","9,804","7,041","10,671","6,922","3,604",618,928,"1,895","2,122","1,852","2,064"
Western Sydney,Sgl Trip Rail Adult,291,"1,715","1,124","1,303","1,123","1,124",894,929,"1,437","1,405","1,206","1,298","2,021","1,069","1,331","1,400","1,618","1,800",875,"1,383","1,562","1,098","1,074","1,493","1,499","2,102","1,472","1,352","1,279","1,065","1,080","1,010","1,093",806,829,937,830,"1,074",689,844,505,634,733,482,200,7,19,15,45,33,30
Western Sydney,Sgl Trip Rail Child/Youth,65,211,296,304,260,236,253,114,248,463,184,231,628,185,399,244,307,354,231,241,391,323,142,213,374,394,340,328,211,204,257,185,169,332,173,180,308,159,212,185,142,184,231,111,64,9,15,8,14,28,29
,,,,,,,,,,,,,,,,,,,,,,,,,,,,,,,,,,,,,,,,,,,,,,,,,,,,
,,,,,,,,,,,,,,,,,,,,,,,,,,,,,,,,,,,,,,,,,,,,,,,,,,,,
,,,,,,,,,,,,,,,,,,,,,,,,,,,,,,,,,,,,,,,,,,,,,,,,,,,,
,,,,,,,,,,,,,,,,,,,,,,,,,,,,,,,,,,,,,,,,,,,,,,,,,,,,
,,,,,,,,,,,,,,,,,,,,,,,,,,,,,,,,,,,,,,,,,,,,,,,,,,,,
,,,,,,,,,,,,,,,,,,,,,,,,,,,,,,,,,,,,,,,,,,,,,,,,,,,,
,,,,,,,,,,,,,,,,,,,,,,,,,,,,,,,,,,,,,,,,,,,,,,,,,,,,
,,,,,,,,,,,,,,,,,,,,,,,,,,,,,,,,,,,,,,,,,,,,,,,,,,,,
,,,,,,,,,,,,,,,,,,,,,,,,,,,,,,,,,,,,,,,,,,,,,,,,,,,,
,,,,,,,,,,,,,,,,,,,,,,,,,,,,,,,,,,,,,,,,,,,,,,,,,,,,
,,,,,,,,,,,,,,,,,,,,,,,,,,,,,,,,,,,,,,,,,,,,,,,,,,,,
,,,,,,,,,,,,,,,,,,,,,,,,,,,,,,,,,,,,,,,,,,,,,,,,,,,,
,,,,,,,,,,,,,,,,,,,,,,,,,,,,,,,,,,,,,,,,,,,,,,,,,,,,
,,,,,,,,,,,,,,,,,,,,,,,,,,,,,,,,,,,,,,,,,,,,,,,,,,,,
,,,,,,,,,,,,,,,,,,,,,,,,,,,,,,,,,,,,,,,,,,,,,,,,,,,,
,,,,,,,,,,,,,,,,,,,,,,,,,,,,,,,,,,,,,,,,,,,,,,,,,,,,
,,,,,,,,,,,,,,,,,,,,,,,,,,,,,,,,,,,,,,,,,,,,,,,,,,,,
,,,,,,,,,,,,,,,,,,,,,,,,,,,,,,,,,,,,,,,,,,,,,,,,,,,,
,,,,,,,,,,,,,,,,,,,,,,,,,,,,,,,,,,,,,,,,,,,,,,,,,,,,
,,,,,,,,,,,,,,,,,,,,,,,,,,,,,,,,,,,,,,,,,,,,,,,,,,,,
,,,,,,,,,,,,,,,,,,,,,,,,,,,,,,,,,,,,,,,,,,,,,,,,,,,,
,,,,,,,,,,,,,,,,,,,,,,,,,,,,,,,,,,,,,,,,,,,,,,,,,,,,
,,,,,,,,,,,,,,,,,,,,,,,,,,,,,,,,,,,,,,,,,,,,,,,,,,,,
,,,,,,,,,,,,,,,,,,,,,,,,,,,,,,,,,,,,,,,,,,,,,,,,,,,,
,,,,,,,,,,,,,,,,,,,,,,,,,,,,,,,,,,,,,,,,,,,,,,,,,,,,
,,,,,,,,,,,,,,,,,,,,,,,,,,,,,,,,,,,,,,,,,,,,,,,,,,,,
,,,,,,,,,,,,,,,,,,,,,,,,,,,,,,,,,,,,,,,,,,,,,,,,,,,,
,,,,,,,,,,,,,,,,,,,,,,,,,,,,,,,,,,,,,,,,,,,,,,,,,,,,
,,,,,,,,,,,,,,,,,,,,,,,,,,,,,,,,,,,,,,,,,,,,,,,,,,,,
,,,,,,,,,,,,,,,,,,,,,,,,,,,,,,,,,,,,,,,,,,,,,,,,,,,,
,,,,,,,,,,,,,,,,,,,,,,,,,,,,,,,,,,,,,,,,,,,,,,,,,,,,
,,,,,,,,,,,,,,,,,,,,,,,,,,,,,,,,,,,,,,,,,,,,,,,,,,,,
,,,,,,,,,,,,,,,,,,,,,,,,,,,,,,,,,,,,,,,,,,,,,,,,,,,,
,,,,,,,,,,,,,,,,,,,,,,,,,,,,,,,,,,,,,,,,,,,,,,,,,,,,
,,,,,,,,,,,,,,,,,,,,,,,,,,,,,,,,,,,,,,,,,,,,,,,,,,,,
,,,,,,,,,,,,,,,,,,,,,,,,,,,,,,,,,,,,,,,,,,,,,,,,,,,,
,,,,,,,,,,,,,,,,,,,,,,,,,,,,,,,,,,,,,,,,,,,,,,,,,,,,
,,,,,,,,,,,,,,,,,,,,,,,,,,,,,,,,,,,,,,,,,,,,,,,,,,,,
,,,,,,,,,,,,,,,,,,,,,,,,,,,,,,,,,,,,,,,,,,,,,,,,,,,,
,,,,,,,,,,,,,,,,,,,,,,,,,,,,,,,,,,,,,,,,,,,,,,,,,,,,
,,,,,,,,,,,,,,,,,,,,,,,,,,,,,,,,,,,,,,,,,,,,,,,,,,,,
,,,,,,,,,,,,,,,,,,,,,,,,,,,,,,,,,,,,,,,,,,,,,,,,,,,,
,,,,,,,,,,,,,,,,,,,,,,,,,,,,,,,,,,,,,,,,,,,,,,,,,,,,
,,,,,,,,,,,,,,,,,,,,,,,,,,,,,,,,,,,,,,,,,,,,,,,,,,,,
,,,,,,,,,,,,,,,,,,,,,,,,,,,,,,,,,,,,,,,,,,,,,,,,,,,,
,,,,,,,,,,,,,,,,,,,,,,,,,,,,,,,,,,,,,,,,,,,,,,,,,,,,
,,,,,,,,,,,,,,,,,,,,,,,,,,,,,,,,,,,,,,,,,,,,,,,,,,,,
,,,,,,,,,,,,,,,,,,,,,,,,,,,,,,,,,,,,,,,,,,,,,,,,,,,,
,,,,,,,,,,,,,,,,,,,,,,,,,,,,,,,,,,,,,,,,,,,,,,,,,,,,
,,,,,,,,,,,,,,,,,,,,,,,,,,,,,,,,,,,,,,,,,,,,,,,,,,,,
,,,,,,,,,,,,,,,,,,,,,,,,,,,,,,,,,,,,,,,,,,,,,,,,,,,,
,,,,,,,,,,,,,,,,,,,,,,,,,,,,,,,,,,,,,,,,,,,,,,,,,,,,
,,,,,,,,,,,,,,,,,,,,,,,,,,,,,,,,,,,,,,,,,,,,,,,,,,,,
,,,,,,,,,,,,,,,,,,,,,,,,,,,,,,,,,,,,,,,,,,,,,,,,,,,,
,,,,,,,,,,,,,,,,,,,,,,,,,,,,,,,,,,,,,,,,,,,,,,,,,,,,
,,,,,,,,,,,,,,,,,,,,,,,,,,,,,,,,,,,,,,,,,,,,,,,,,,,,
,,,,,,,,,,,,,,,,,,,,,,,,,,,,,,,,,,,,,,,,,,,,,,,,,,,,
,,,,,,,,,,,,,,,,,,,,,,,,,,,,,,,,,,,,,,,,,,,,,,,,,,,,
,,,,,,,,,,,,,,,,,,,,,,,,,,,,,,,,,,,,,,,,,,,,,,,,,,,,
,,,,,,,,,,,,,,,,,,,,,,,,,,,,,,,,,,,,,,,,,,,,,,,,,,,,
,,,,,,,,,,,,,,,,,,,,,,,,,,,,,,,,,,,,,,,,,,,,,,,,,,,,
,,,,,,,,,,,,,,,,,,,,,,,,,,,,,,,,,,,,,,,,,,,,,,,,,,,,
,,,,,,,,,,,,,,,,,,,,,,,,,,,,,,,,,,,,,,,,,,,,,,,,,,,,
,,,,,,,,,,,,,,,,,,,,,,,,,,,,,,,,,,,,,,,,,,,,,,,,,,,,
,,,,,,,,,,,,,,,,,,,,,,,,,,,,,,,,,,,,,,,,,,,,,,,,,,,,
,,,,,,,,,,,,,,,,,,,,,,,,,,,,,,,,,,,,,,,,,,,,,,,,,,,,
,,,,,,,,,,,,,,,,,,,,,,,,,,,,,,,,,,,,,,,,,,,,,,,,,,,,
,,,,,,,,,,,,,,,,,,,,,,,,,,,,,,,,,,,,,,,,,,,,,,,,,,,,
,,,,,,,,,,,,,,,,,,,,,,,,,,,,,,,,,,,,,,,,,,,,,,,,,,,,
,,,,,,,,,,,,,,,,,,,,,,,,,,,,,,,,,,,,,,,,,,,,,,,,,,,,
North Western Sydney,Adult,,,,,,,,,,,,,,,,,"477,818","2,278,694","2,226,851","2,316,457","2,667,277","2,400,762","2,760,329","2,565,643","2,637,018","2,682,911","2,563,569","3,934,360","3,997,909","3,392,689","3,281,678","3,704,351","4,090,344","3,660,684","4,301,314","3,695,748","3,928,123","3,888,756","3,871,250","3,901,692","3,561,284","3,316,036","3,093,253","3,133,757","2,069,299","485,552","676,891","1,070,459","1,230,403","1,093,775","1,238,894"
North Western Sydney,Child/Youth,,,,,,,,,,,,,,,,,"20,961","169,048","168,122","111,467","142,134","162,037","109,504","133,063","176,360","109,875","133,347","186,080","152,294","214,877","224,353","166,882","183,169","224,619","168,449","174,822","215,342","142,498","156,124","206,971","148,850","229,112","226,066","144,612","73,971","9,536","28,276","67,658","109,963","65,133","83,914"
North Western Sydney,Concession,,,,,,,,,,,,,,,,,"31,049","144,417","130,892","152,871","282,631","217,925","263,241","197,525","180,740","271,024","223,432","303,580","238,370","193,883","179,009","244,464","398,397","322,912","358,072","263,274","257,083","354,261","316,205","322,504","248,292","205,888","185,745","241,461","212,692","20,079","36,793","78,788","106,337","112,912","132,211"
North Western Sydney,CTP,,,,,,,,,,,,,,,,,,,,,,,,,,,,,"4,959","58,319","83,264","97,746","110,952","109,471","141,121","138,217","139,843","175,984","241,802","432,208","504,354","546,744","574,900","606,547","405,686","91,058","148,442","274,543","335,470","307,258","371,488"
North Western Sydney,Day Pass Child/Youth w/o SAF,,,,,,,,,,,,,,,,,,,,,,,1,,,,,,6,,,,3,,6,3,1,,2,1,40,2,4,,1,,,,,,
North Western Sydney,Day Pass without SAF,,,,,,,,,,,,,,,,,,,,,1,3,1,4,7,4,4,19,5,13,22,18,11,30,46,34,61,183,53,45,45,37,60,149,61,9,6,9,10,6,12
North Western Sydney,Employee,,,,,,,,,,,,,,,,,"4,238","19,978","18,381","20,010","23,358","18,612","22,023","23,116","24,834","22,208","23,557","34,378","33,611","29,900","27,947","31,486","34,350","32,959","43,892","35,493","38,380","37,057","36,400","38,927","37,116","36,120","34,163","35,637","29,882","18,166","19,574","23,897","24,619","23,910","24,347"
North Western Sydney,Free Travel,,,,,,,,,,,,,,,,,673,"3,111","2,741","3,108","3,415","2,773","3,252","3,539","4,026","3,354","3,636","5,638","5,499","4,909","4,598","5,386","5,709","5,266","6,367","5,228","5,916","6,050","5,912","6,027","5,464","5,334","4,857","5,114","3,413",959,"1,609","2,534","2,717","2,699","3,100"
North Western Sydney,School Student,,,,,,,,,,,,,,,,,"26,106","47,697","13,928","158,481","165,315","69,487","183,134","157,760","69,762","180,210","159,449","135,313","229,118","83,177","20,487","243,235","264,558","137,110","276,597","209,651","110,425","246,728","227,584","152,468","221,094","87,549","30,738","235,450","157,603",930,"65,038","179,579","99,578","172,854","164,310"
North Western Sydney,Senior/Pensioner,,,,,,,,,,,,,,,,,"47,420","249,760","219,038","228,995","271,570","245,502","269,378","261,874","268,569","263,536","258,882","361,956","371,166","358,209","312,490","356,576","392,685","372,917","434,984","359,729","360,055","359,413","360,202","388,893","366,056","377,157","323,710","311,965","194,005","56,484","87,657","147,366","159,924","143,716","170,428"
North Western Sydney,Sgl Trip Rail Adult,,,,,,,,,,,,,,,,,"4,351","30,099","22,736","21,979","25,943","22,303","22,557","23,909","22,249","19,828","21,485","31,213","32,060","34,197","24,778","23,853","27,638","26,560","27,560","24,939","23,422","22,532","21,862","21,269","18,689","25,519","18,593","15,578","7,923","1,130","1,943","4,174","4,256","3,010","3,878"
North Western Sydney,Sgl Trip Rail Child/Youth,,,,,,,,,,,,,,,,,820,"9,011","8,209","4,236","5,575","7,123","4,475","6,233","8,191","4,255","5,298","7,452","5,447","9,565","8,672","4,828","5,885","9,379","6,511","7,590","9,591","5,575","6,055","7,478","4,837","9,945","9,514","4,175","2,395",776,"1,305","2,469","3,618","2,053","2,728"
Northern Sydney,Adult,,,,,,,,,,,,,,,,,"609,958","3,051,989","2,954,902","3,059,946","3,474,979","3,319,886","3,744,206","3,335,709","3,442,504","3,606,618","3,369,189","1,848,498","1,865,519","1,600,308","1,542,273","1,666,367","1,881,659","1,552,262",,,,,,,,,,,,,,,,,
Northern Sydney,Child/Youth,,,,,,,,,,,,,,,,,"21,996","190,187","195,119","139,592","160,708","191,853","128,952","142,157","194,350","126,299","142,217","86,904","77,085","91,523","97,415","84,660","81,181","84,923",,,,,,,,,,,,,,,,,
Northern Sydney,Concession,,,,,,,,,,,,,,,,,"39,951","189,860","169,894","207,736","385,765","306,628","376,527","263,344","233,320","382,292","299,442","183,932","146,224","105,175","98,795","139,868","233,770","171,271",,,,,,,,,,,,,,,,,
Northern Sydney,CTP,,,,,,,,,,,,,,,,,,,,,,,,,,,,,"1,641","24,290","33,780","35,839","39,279","36,181",,,,,,,,,,,,,,,,,
Northern Sydney,Day Pass Child/Youth w/o SAF,,,,,,,,,,,,,,,,,,,,,,,1,,,,,,,,,,3,,,,,,,,,,,,,,,,,,
Northern Sydney,Day Pass without SAF,,,,,,,,,,,,,,,,,,,,,,1,5,5,8,7,4,5,11,7,3,2,9,19,,,,,,,,,,,,,,,,,
Northern Sydney,Employee,,,,,,,,,,,,,,,,,"4,866","23,683","22,302","24,391","26,415","24,921","31,399","28,106","28,604","29,335","27,252","19,865","20,268","15,976","16,552","19,176","20,337","16,997",,,,,,,,,,,,,,,,,
Northern Sydney,Free Travel,,,,,,,,,,,,,,,,,521,"2,527","2,184","2,546","2,711","2,662","3,096","2,847","2,903","2,931","2,883","1,543","1,575","1,269","1,263","1,515","1,612","1,242",,,,,,,,,,,,,,,,,
Northern Sydney,School Student,,,,,,,,,,,,,,,,,"26,518","54,679","12,491","157,373","163,764","73,363","188,246","159,725","74,555","182,446","158,638","56,224","93,549","42,286","7,225","99,608","105,688","49,683",,,,,,,,,,,,,,,,,
Northern Sydney,Senior/Pensioner,,,,,,,,,,,,,,,,,"53,008","290,449","264,118","273,945","305,006","293,092","320,108","294,726","306,166","312,264","298,932","180,680","186,598","175,624","160,756","180,278","187,466","159,982",,,,,,,,,,,,,,,,,
Northern Sydney,Sgl Trip Rail Adult,,,,,,,,,,,,,,,,,"4,876","35,443","26,985","26,901","30,319","28,779","27,579","26,446","24,129","24,038","24,072","9,175","9,201","9,031","6,907","6,537","7,105","6,579",,,,,,,,,,,,,,,,,
Northern Sydney,Sgl Trip Rail Child/Youth,,,,,,,,,,,,,,,,,822,"9,142","8,346","4,698","5,646","8,401","5,604","6,299","7,767","4,973","5,357","2,387","1,914","2,664","2,427","1,554","1,594","2,246",,,,,,,,,,,,,,,,,
Western Sydney,Adult,,,,,,,,,,,,,,,,,"544,969","2,732,771","2,796,911","2,918,543","3,418,443","2,910,641","3,524,368","3,228,729","3,247,765","3,537,823","3,302,273","3,454,454","3,523,629","2,994,733","3,108,795","3,001,659","3,510,464","3,325,419","3,325,298","3,150,348","3,380,804","3,296,718","3,181,787","3,233,244","3,024,719","2,883,609","2,523,128","2,770,713","2,125,533","642,367","927,178","1,133,341","1,341,297","1,177,640","1,264,369"
Western Sydney,Child/Youth,,,,,,,,,,,,,,,,,"19,068","161,865","178,304","122,447","147,374","149,366","117,875","132,253","158,283","117,875","122,927","147,551","130,574","160,745","185,622","112,802","132,956","168,663","106,569","129,707","162,737","109,142","111,020","147,732","116,301","158,080","152,191","107,136","67,935","10,324","27,601","44,882","75,297","44,303","55,940"
Western Sydney,Concession,,,,,,,,,,,,,,,,,"39,107","183,195","176,944","211,980","407,378","310,819","394,630","273,053","243,602","403,239","314,803","321,049","254,058","186,247","185,704","228,129","405,292","343,692","326,363","261,844","270,708","346,006","292,679","300,212","237,303","190,142","158,724","219,931","227,995","28,366","48,612","77,397","103,090","101,557","114,438"
Western Sydney,CTP,,,,,,,,,,,,,,,,,,,,,,,,,,,,,"3,201","46,796","59,280","57,027","69,740","72,941","83,738","80,965","84,567","104,259","140,690","241,667","285,395","318,361","313,963","365,140","290,301","90,189","149,348","205,404","252,359","232,540","269,355"
Western Sydney,Day Pass Child/Youth w/o SAF,,,,,,,,,,,,,,,,,,,,,,,4,,6,4,5,2,2,6,11,6,16,4,9,9,6,13,31,39,65,58,23,15,29,4,,2,32,4,6
Western Sydney,Day Pass without SAF,,,,,,,,,,,,,,,,,,,,,,20,69,60,104,81,84,88,120,102,151,175,283,240,166,222,288,249,262,267,303,266,257,278,313,174,175,199,270,226,217
Western Sydney,Employee,,,,,,,,,,,,,,,,,"8,045","37,668","36,901","40,131","45,577","39,126","49,870","46,032","44,584","48,277","46,623","49,821","51,168","45,853","46,479","46,180","54,207","53,141","54,527","54,893","58,919","58,661","57,770","58,663","57,296","56,121","50,591","54,837","49,832","29,787","35,367","36,959","41,067","38,137","40,222"
Western Sydney,Free Travel,,,,,,,,,,,,,,,,,690,"3,250","3,184","3,560","3,784","3,295","4,176","3,731","3,926","4,359","4,094","4,697","4,684","4,102","4,135","4,460","4,821","4,535","4,850","4,502","4,833","4,807","4,699","4,892","4,454","4,234","4,082","4,148","3,107",908,"1,395","1,890","2,180","2,054","2,337"
Western Sydney,School Student,,,,,,,,,,,,,,,,,"26,016","56,694","10,564","153,130","175,742","69,937","193,635","162,308","83,566","179,536","159,997","97,075","159,415","77,579","11,654","162,707","187,756","102,989","193,090","165,953","100,484","185,572","173,489","112,801","164,023","89,192","18,076","179,193","134,939","1,642","52,802","140,116","81,804","135,995","130,464"
Western Sydney,Senior/Pensioner,,,,,,,,,,,,,,,,,"59,965","324,275","321,171","326,875","374,262","321,355","376,365","349,376","346,052","374,813","357,960","370,064","378,235","353,910","342,645","330,541","382,493","378,967","365,990","351,825","378,121","365,767","362,317","386,727","365,496","381,147","318,678","331,674","246,996","91,987","143,088","181,870","205,040","182,539","204,152"
Western Sydney,Sgl Trip Rail Adult,,,,,,,,,,,,,,,,,"3,962","27,328","23,048","22,001","28,041","22,032","23,222","22,380","18,924","20,759","21,059","22,517","24,082","23,403","19,667","16,139","19,613","20,195","18,586","17,032","16,429","14,894","14,091","14,012","13,400","15,886","12,281","11,864","7,828","2,074","3,603","4,892","5,619","3,936","4,559"
Western Sydney,Sgl Trip Rail Child/Youth,,,,,,,,,,,,,,,,,"1,010","9,415","9,001","5,600","7,447","8,650","6,344","6,718","7,181","5,847","5,939","7,448","6,295","8,005","8,036","4,028","5,513","8,555","5,614","6,331","7,877","5,186","5,479","6,278","4,854","7,293","6,867","4,646","3,530","1,367","2,586","3,566","4,629","2,959","3,504"
Western Sydney,Adult,,,,,,,,,,,,,,,,,"289,965","1,386,437","1,426,749","1,496,797","1,657,311","1,522,022","1,792,329","1,593,430","1,647,308","1,744,309","1,627,875","1,717,333","1,786,040","1,472,287","1,468,544","1,660,674","1,642,593","1,490,097","1,826,437","1,582,778","1,669,784","1,705,110","1,619,201","1,591,183","1,617,721","1,302,389","1,420,531","1,318,084","958,213","313,689","458,465","602,445","676,801","636,061","667,124"
Western Sydney,Child/Youth,,,,,,,,,,,,,,,,,"8,686","66,135","75,860","55,368","57,857","68,279","53,703","56,659","71,913","54,233","54,569","62,745","58,318","67,467","75,183","58,812","56,035","63,908","55,061","59,995","75,133","56,596","55,663","63,042","57,729","63,981","72,905","46,660","26,987","2,713","11,271","20,550","35,891","20,828","27,038"
Western Sydney,Concession,,,,,,,,,,,,,,,,,"18,367","80,009","77,892","97,303","152,009","120,153","150,024","111,283","102,991","153,341","122,705","121,634","110,514","80,939","77,234","108,167","148,080","117,698","142,431","109,692","106,082","138,115","119,475","116,887","107,133","78,439","76,874","96,537","83,620","9,989","20,076","36,520","48,145","48,793","54,004"
Western Sydney,CTP,,,,,,,,,,,,,,,,,,,,,,,,,,,,,"2,086","27,664","36,308","41,722","45,965","48,222","61,929","61,723","62,465","76,572","96,119","162,528","211,478","201,208","239,557","249,932","176,785","49,450","89,724","139,222","165,963","158,509","184,101"
Western Sydney,Day Pass Child/Youth w/o SAF,,,,,,,,,,,,,,,,,,,,,,,,1,,,,,,,,,4,,2,,1,,11,35,28,21,,,,,,,,,
Western Sydney,Day Pass without SAF,,,,,,,,,,,,,,,,,,,,,1,7,4,3,5,2,3,3,6,10,7,27,28,18,18,6,14,23,14,25,29,51,14,26,11,8,8,7,5,8,5
Western Sydney,Employee,,,,,,,,,,,,,,,,,"3,396","14,175","14,060","16,248","17,565","15,727","20,880","18,162","18,896","18,892","17,164","19,103","21,205","16,177","16,825","20,026","20,236","17,741","23,554","20,155","22,338","22,253","20,870","21,596","22,397","17,910","18,884","20,161","16,690","8,179","10,011","11,155","12,092","10,949","11,403"
Western Sydney,Free Travel,,,,,,,,,,,,,,,,,218,984,946,"1,076","1,181","1,058","1,299","1,147","1,200","1,304","1,173","1,367","1,576","1,260","1,199","1,437","1,383","1,262","1,809","1,310","1,479","1,627","1,515","1,658","1,738","1,411","1,236","1,296",939,216,395,589,668,648,642
Western Sydney,School Student,,,,,,,,,,,,,,,,,"8,719","15,612","3,314","49,623","51,902","23,044","60,450","49,635","25,831","59,041","50,818","32,311","55,080","23,184","4,316","60,224","60,027","32,145","77,456","54,617","31,502","63,481","58,612","38,523","59,946","25,114","6,912","56,432","40,392",264,"18,000","47,350","25,561","45,755","43,151"
Western Sydney,Senior/Pensioner,,,,,,,,,,,,,,,,,"26,314","128,895","131,238","140,184","150,911","137,282","159,549","142,435","151,584","156,952","145,489","152,288","161,750","141,719","138,986","160,197","152,185","141,396","178,128","149,626","158,666","161,671","157,129","162,042","167,994","147,743","152,878","134,147","96,474","37,625","58,488","78,608","84,876","80,462","88,937"
Western Sydney,Sgl Trip Rail Adult,,,,,,,,,,,,,,,,,"2,550","18,244","15,886","14,652","16,894","14,137","14,874","15,051","12,892","12,842","13,046","13,698","15,532","14,418","11,470","11,175","11,219","10,095","11,150","10,314","9,347","9,327","8,133","7,843","8,173","8,625","7,286","5,918","3,236",382,882,"1,536","1,625","1,060","1,269"
Western Sydney,Sgl Trip Rail Child/Youth,,,,,,,,,,,,,,,,,398,"4,133","4,100","2,297","2,846","3,538","2,760","3,317","3,552","2,559","2,368","2,727","2,378","3,188","3,186","1,911","1,843","2,831","2,273","2,749","3,045","2,118","1,816","2,125","1,674","2,634","2,809","1,244",856,199,462,690,"1,140",573,822
Western Sydney,Adult,,,,,,,,,,,,,,,,,"364,275","1,939,511","1,814,059","1,833,792","2,155,842","1,958,926","2,266,324","2,082,714","2,137,077","2,244,451","2,116,548","2,209,420","2,198,220","1,808,124","1,896,752","1,964,415","2,176,979","1,942,761","2,447,171","2,085,114","2,027,643","2,150,214","1,955,531","2,062,868","1,949,907","1,747,368","1,763,091","1,648,119","1,315,910","494,019","643,070","805,730","929,968","879,921","901,119"
Western Sydney,Child/Youth,,,,,,,,,,,,,,,,,"13,753","118,285","118,379","83,061","98,628","111,517","82,248","95,339","118,221","86,209","91,524","102,067","88,060","100,717","119,785","89,392","93,446","105,134","89,948","101,713","108,422","86,101","80,641","103,636","85,302","102,712","113,301","69,623","45,601","7,234","17,972","33,668","52,641","34,483","42,408"
Western Sydney,Concession,,,,,,,,,,,,,,,,,"30,087","145,978","126,893","151,445","280,322","222,248","277,470","198,434","179,131","277,961","220,438","214,994","173,076","119,165","119,550","163,625","261,308","209,727","242,825","189,584","168,430","228,814","188,324","202,732","169,209","124,680","117,512","150,806","145,975","20,382","31,596","55,795","70,549","74,545","83,372"
Western Sydney,CTP,,,,,,,,,,,,,,,,,,,,,,,,,,,,,"2,273","30,995","41,403","44,626","52,005","50,780","73,269","66,850","60,425","79,568","96,055","176,303","213,170","218,419","257,396","255,085","202,458","69,130","102,307","155,760","185,956","180,110","201,096"
Western Sydney,Day Pass Child/Youth w/o SAF,,,,,,,,,,,,,,,,,,,,,1,1,1,1,,,,,,,1,,4,,2,,2,1,16,51,29,4,,4,10,,,,,,
Western Sydney,Day Pass without SAF,,,,,,,,,,,,,,,,,,,,,1,7,8,21,18,13,27,32,24,12,30,38,59,24,53,50,39,46,47,82,81,43,70,53,54,42,23,32,34,48,31
Western Sydney,Employee,,,,,,,,,,,,,,,,,"4,711","22,997","19,827","22,044","25,793","22,757","29,692","27,374","25,971","26,338","26,088","29,231","28,658","21,736","23,305","26,756","29,098","25,415","34,269","29,994","28,822","30,350","27,747","30,512","31,515","26,157","27,599","27,780","25,041","14,232","14,666","16,675","17,670","16,540","16,987"
Western Sydney,Free Travel,,,,,,,,,,,,,,,,,493,"2,526","1,879","2,007","2,710","2,408","2,736","2,565","2,471","2,445","2,560","2,687","2,592","2,004","2,136","2,352","2,447","2,129","3,171","2,577","2,582","2,610","2,400","2,811","2,992","2,358","2,565","2,218","1,741",696,873,"1,363","1,413","1,274","1,386"
Western Sydney,School Student,,,,,,,,,,,,,,,,,"14,275","31,486","5,014","76,971","87,104","36,652","98,496","83,783","43,355","94,772","84,737","53,729","88,195","39,784","6,080","87,277","99,332","50,884","120,797","90,796","50,100","98,959","87,586","62,386","92,275","45,405","9,498","88,308","67,838",834,"28,580","75,868","41,429","73,545","68,687"
Western Sydney,Senior/Pensioner,,,,,,,,,,,,,,,,,"48,301","276,388","255,467","252,784","294,479","264,020","297,463","277,225","283,349","288,467","282,607","288,760","290,227","256,360","262,213","275,853","292,635","270,606","320,384","289,967","278,495","291,555","271,950","303,050","291,465","279,478","275,700","241,970","187,716","81,041","110,542","149,126","159,552","152,705","165,920"
Western Sydney,Sgl Trip Rail Adult,,,,,,,,,,,,,,,,,"3,097","25,269","18,634","17,387","21,543","18,406","18,551","19,664","16,000","16,133","16,404","17,321","17,333","16,804","14,656","13,286","14,307","13,564","15,677","14,119","11,484","12,392","10,676","11,111","10,914","12,471","11,014","8,433","5,427","1,343","1,955","3,271","3,355","2,530","2,797"
Western Sydney,Sgl Trip Rail Child/Youth,,,,,,,,,,,,,,,,,709,"7,055","6,073","3,797","4,950","5,967","4,443","5,410","5,478","3,968","4,137","4,377","3,530","4,532","4,694","2,914","3,294","4,616","3,787","4,564","4,336","3,301","2,887","3,835","2,841","4,559","5,364","2,526","1,995",762,"1,175","1,885","2,485","1,510","1,896"
,,,,,,,,,,,,,,,,,,,,,,,,,,,,,,,,,,,,,,,,,,,,,,,,,,,,
,,,,,,,,,,,,,,,,,,,,,,,,,,,,,,,,,,,,,,,,,,,,,,,,,,,,
,,,,,,,,,,,,,,,,,,,,,,,,,,,,,,,,,,,,,,,,,,,,,,,,,,,,
,,,,,,,,,,,,,,,,,,,,,,,,,,,,,,,,,,,,,,,,,,,,,,,,,,,,
,,,,,,,,,,,,,,,,,,,,,,,,,,,,,,,,,,,,,,,,,,,,,,,,,,,,
,,,,,,,,,,,,,,,,,,,,,,,,,,,,,,,,,,,,,,,,,,,,,,,,,,,,
,,,,,,,,,,,,,,,,,,,,,,,,,,,,,,,,,,,,,,,,,,,,,,,,,,,,
,,,,,,,,,,,,,,,,,,,,,,,,,,,,,,,,,,,,,,,,,,,,,,,,,,,,
,,,,,,,,,,,,,,,,,,,,,,,,,,,,,,,,,,,,,,,,,,,,,,,,,,,,
South Western Sydney,Adult,,,,,,,,,,,,,,,,,"539,451","2,747,287","2,653,379","2,666,649","3,147,409","2,712,914","3,198,667","2,965,021","2,981,146","3,155,420","2,918,954","3,138,780","3,205,506","2,758,636","2,782,379","2,828,725","3,155,673","2,824,091","3,126,771","2,900,491","3,410,254","3,343,056","3,121,518","2,944,698","2,824,192","2,528,071","2,375,602","2,263,646","1,709,866","437,771","598,735","853,680","957,505","881,254","930,378"
South Western Sydney,Child/Youth,,,,,,,,,,,,,,,,,"16,691","146,961","157,433","89,209","107,784","130,665","89,961","116,230","147,963","101,657","93,030","119,637","99,584","136,995","161,670","95,016","103,631","135,358","89,343","118,080","174,679","113,909","105,421","126,808","95,952","136,114","150,664","75,179","48,896","7,087","16,712","31,885","52,920","31,598","39,573"
South Western Sydney,Concession,,,,,,,,,,,,,,,,,"30,702","147,310","135,640","155,785","278,298","215,044","264,248","194,744","181,514","269,499","211,209","215,759","180,203","140,314","137,166","170,711","267,677","220,237","239,560","193,670","221,817","271,197","225,907","212,095","174,924","143,564","129,793","158,846","154,266","18,822","30,632","56,225","70,536","74,987","82,860"
South Western Sydney,CTP,,,,,,,,,,,,,,,,,,,,,,,,,,,,,"4,606","59,186","86,528","94,274","114,141","112,211","128,257","140,565","148,411","187,539","226,782","365,737","435,580","450,839","472,658","477,055","359,803","79,502","131,898","217,724","258,301","238,080","268,270"
South Western Sydney,Day Pass Child/Youth w/o SAF,,,,,,,,,,,,,,,,,,,,,3,3,2,,2,,,5,1,,2,1,3,5,8,2,9,11,31,61,89,6,10,4,6,,,1,1,,
South Western Sydney,Day Pass without SAF,,,,,,,,,,,,,,,,,,,,,8,16,23,12,25,34,22,36,48,34,41,37,48,64,61,45,67,58,53,73,77,61,43,56,53,29,19,35,15,12,25
South Western Sydney,Employee,,,,,,,,,,,,,,,,,"6,906","34,266","32,601","33,710","37,488","33,926","41,087","37,618","37,089","38,512","35,176","39,788","42,010","35,387","36,982","39,811","45,208","41,235","47,388","46,489","51,928","51,125","48,734","50,792","50,371","46,259","43,606","43,319","39,285","21,673","24,758","27,416","29,729","28,233","30,099"
South Western Sydney,Free Travel,,,,,,,,,,,,,,,,,649,"3,068","2,992","3,135","3,481","3,304","3,701","3,228","3,327","3,894","3,531","4,149","4,113","3,309","3,507","3,775","4,068","3,782","4,396","4,181","4,512","4,569","4,386","4,773","4,544","3,871","3,677","4,141","3,078",851,"1,217","1,696","1,906","1,808","1,967"
South Western Sydney,School Student,,,,,,,,,,,,,,,,,"15,272","32,471","5,667","85,743","92,396","38,204","101,020","85,302","44,830","96,955","83,588","54,886","90,895","44,266","6,318","95,017","103,411","54,648","125,255","88,376","62,541","115,257","105,009","62,466","92,184","48,196","10,479","96,065","72,381",793,"30,246","80,119","43,089","74,388","69,239"
South Western Sydney,Senior/Pensioner,,,,,,,,,,,,,,,,,"45,746","245,648","232,330","227,433","270,519","239,740","273,977","257,857","256,350","264,719","248,517","272,272","276,162","249,493","244,054","250,360","276,404","258,793","292,648","265,137","318,035","312,617","299,864","291,765","280,664","269,601","244,548","225,501","165,812","48,961","70,387","106,112","111,088","103,582","115,360"
South Western Sydney,Sgl Trip Rail Adult,,,,,,,,,,,,,,,,,"23,436","144,438","116,088","119,174","137,572","106,326","114,880","110,934","98,773","110,146","109,668","124,188","132,716","117,999","98,039","99,747","115,129","97,771","84,180","88,135","89,763","91,030","83,585","90,429","92,066","91,249","74,706","72,906","44,856","3,546","4,355","7,608","8,992","5,292","5,844"
South Western Sydney,Sgl Trip Rail Child/Youth,,,,,,,,,,,,,,,,,"2,023","20,666","19,278","10,595","12,647","15,238","10,343","13,090","15,900","11,459","10,414","13,334","10,520","16,356","17,104","8,764","9,549","14,448","8,405","12,092","16,418","11,205","9,598","11,814","8,666","15,292","16,074","6,936","5,491","1,094","1,843","3,062","4,558","2,526","2,864"
Northern Sydney,Adult,,,,,,,,,,,,,,,,,,,,,,,,,,,,,,,,,,"176,999","1,956,943","1,626,311","1,906,632","1,906,845","1,743,923","1,697,214","1,728,736","1,426,920","1,364,962","1,392,764","1,036,636","272,697","415,415","568,700","631,818","626,359","623,121"
Northern Sydney,Child/Youth,,,,,,,,,,,,,,,,,,,,,,,,,,,,,,,,,,"8,416","73,247","67,245","106,258","78,152","73,716","87,262","76,493","85,045","92,408","66,262","39,093","3,717","14,214","26,483","47,078","31,377","36,558"
Northern Sydney,Concession,,,,,,,,,,,,,,,,,,,,,,,,,,,,,,,,,,"17,826","196,979","142,254","143,534","194,512","163,940","166,985","142,891","99,019","86,058","123,433","115,456","9,779","21,214","42,282","56,017","64,011","66,556"
Northern Sydney,CTP,,,,,,,,,,,,,,,,,,,,,,,,,,,,,,,,,,"4,103","52,720","47,036","52,448","68,240","85,515","149,100","195,449","179,348","192,778","214,159","164,289","42,733","77,503","120,653","141,522","144,992","151,687"
Northern Sydney,Day Pass Child/Youth w/o SAF,,,,,,,,,,,,,,,,,,,,,,,,,,,,,,,,,,,,,,,2,,1,1,2,,,,,4,,,
Northern Sydney,Day Pass without SAF,,,,,,,,,,,,,,,,,,,,,,,,,,,,,,,,,,,17,9,12,16,25,20,17,13,25,62,14,2,6,4,4,3,3
Northern Sydney,Employee,,,,,,,,,,,,,,,,,,,,,,,,,,,,,,,,,,"1,974","23,373","19,323","22,387","22,776","20,913","21,251","22,572","18,851","18,102","20,480","17,362","7,069","8,695","9,529","9,899","9,859","9,969"
Northern Sydney,Free Travel,,,,,,,,,,,,,,,,,,,,,,,,,,,,,,,,,,132,"1,917","1,103","1,331","1,408","1,206","1,162","1,450","1,143","1,111","1,182",820,150,320,542,613,599,625
Northern Sydney,School Student,,,,,,,,,,,,,,,,,,,,,,,,,,,,,,,,,,"6,354","112,305","76,954","50,096","97,511","87,395","56,208","87,824","40,937","9,879","85,654","62,380",256,"25,009","64,900","37,671","65,273","59,538"
Northern Sydney,Senior/Pensioner,,,,,,,,,,,,,,,,,,,,,,,,,,,,,,,,,,"17,940","200,623","167,966","202,306","206,546","190,635","191,978","202,470","183,786","164,343","151,966","103,786","28,912","52,160","77,822","83,788","82,068","88,385"
Northern Sydney,Sgl Trip Rail Adult,,,,,,,,,,,,,,,,,,,,,,,,,,,,,,,,,,621,"8,251","5,549","6,270","5,997","4,897","4,558","5,006","4,832","4,266","3,679","1,854",251,560,"1,015",994,753,807
Northern Sydney,Sgl Trip Rail Child/Youth,,,,,,,,,,,,,,,,,,,,,,,,,,,,,,,,,,215,"1,980","1,392","2,220","1,398","1,206","1,634","1,230","1,671","1,938",915,601,112,336,507,771,511,528
Grand Total,Total,"28,819,249","32,393,980","30,648,352","30,106,833","31,318,279","28,189,584","26,735,422","28,767,036","34,566,385","28,745,729","34,863,010","31,706,870","31,070,534","34,285,607","32,067,318","32,910,234","33,457,124","29,467,889","28,186,866","30,036,091","34,967,488","31,512,166","36,322,565","32,604,345","33,053,594","35,713,800","33,021,482","34,501,650","34,803,322","30,124,456","29,925,564","32,218,764","36,530,266","32,810,678","37,562,121","32,112,300","34,148,122","34,927,511","33,518,338","34,998,484","34,137,150","30,275,150","29,399,461","30,168,810","22,506,278","6,095,725","9,323,674","13,762,670","15,446,904","14,385,299","15,546,656"